<sbe:messageSchema xmlns:sbe="http://fixprotocol.io/sbe/2.0" package="com.b2c2.takehometask.messages"
                   id="1" version="0" semanticVersion="1.0.0">
    <types>
        <composite name="messageHeader" description="Message identifiers and length">
            <type name="blockLength" primitiveType="uint16"/>
            <type name="templateId" primitiveType="uint16"/>
            <type name="schemaId" primitiveType="uint16"/>
            <type name="version" primitiveType="uint16"/>
        </composite>
        <type name="symbol" primitiveType="char" length="7" characterEncoding="ASCII"/>
        <composite name="decimalEncoding">
            <type name="mantissa" primitiveType="uint64" minValue="0"/>
            <type name="exponent" presence="constant" primitiveType="int8">-8</type>
        </composite>
        <enum name="Side" encodingType="char">
            <validValue name="Buy">B</validValue>
            <validValue name="Sell">S</validValue>
        </enum>
    </types>

    <message name="MarketDataTick" id="1" blockLength="40" semanticType="MktData">
        <field name="timestamp_ns" id="1" type="uint64"/>
        <field name="product_id" id="2" type="symbol"/>
        <field name="price" id="3" type="decimalEncoding" offset="0" semanticType="Price"/>
    </message>
</sbe:messageSchema>