<?xml version="1.0" encoding="UTF-8" ?>
<!DOCTYPE configuration>

<configuration>
    <import class="ch.qos.logback.classic.encoder.PatternLayoutEncoder"/>
    <import class="ch.qos.logback.core.ConsoleAppender"/>
    <import class="ch.qos.logback.classic.AsyncAppender"/>

    <appender name="CONSOLE" class="ConsoleAppender">
        <encoder class="PatternLayoutEncoder">
            <pattern>%d{HH:mm:ss.SSS} [%thread] %-5level %logger{36} -%kvp- %msg%n</pattern>
        </encoder>
    </appender>

    <appender name="ASYNC" class="AsyncAppender">
        <appender-ref ref="CONSOLE"/>
    </appender>

    <root level="trace">
        <appender-ref ref="ASYNC"/>
    </root>
</configuration>