<messageSchema xmlns="http://fixprotocol.io/sbe/2.0" package="com.b2c2.takehometask.sbe"
               id="1" version="0" semanticVersion="1.0.0">
    <types>
        <composite name="messageHeader" description="Message identifiers and length">
            <type name="blockLength" primitiveType="uint16"/>
            <type name="templateId" primitiveType="uint16"/>
            <type name="schemaId" primitiveType="uint16"/>
            <type name="version" primitiveType="uint16"/>
        </composite>
        <enum name="SideEnum" encodingType="char">
            <validValue name="Buy">1</validValue>
            <validValue name="Sell">2</validValue>
        </enum>
        <type name="strategyNameType" primitiveType="char" length="3" />
        <type name="instrumentType" primitiveType="char" length="7" />
    </types>

    <message name="MarketDataTick" id="1" description="Top‑of‑book tick" semanticVersion="1" blockLength="20">
        <field name="timestampMicros" id="1" type="uint64" description="Epoch micros" />
        <field name="instrumentId" id="2" type="uint32" description="Numerical ID of the instrument" />
        <field name="price" id="3" type="uint64" description="Price (scaled long)" />
    </message>

    <!-- [TIMESTAMP];STRATEGY_NAME;INSTRUMENT;RSI_SCORE;SIDE;SIZE;PRICE -->
    <message name="TradeSignal" id="2" description="Strategy output" semanticVersion="1" blockLength="43">
        <field name="timestampMicros" id="1" type="uint64" />
        <field name="strategyName" id="2" type="strategyNameType" />
        <field name="instrument" id="3" type="instrumentType" />
        <field name="rsiScore" id="4" type="double" />
        <field name="side" id="5" type="SideEnum" />
        <field name="size" id="6" type="uint64" />
        <field name="price" id="7" type="uint64" />
    </message>
</messageSchema>